pop_size,init_infected,r0,expected_recovery_time,expected_incubation_time,expected_time_to_hospital,test_percentage,max_hospital
1000,25,2.1702671794810735,3.2023364694792953,1.1278701524512287,10.69708383314305,5.11990508072778,36.67411465472995
1000,25,2.2576665485457887,1.8872860931564566,1.205337357929582,11.398229407694904,7.065738677490754,22.47000818388429
1000,25,1.3584163055551666,2.0475143023820435,2.4708958387026176,3.8022104376175907,15.472291074689632,7.085919099839848
1000,25,2.263309518554357,3.2137682295499506,3.795625359586122,13.698743034788066,19.22421758508287,8.169135200997284
1000,25,1.1778377494844314,11.376623296277486,3.1499259906301793,7.852317035670057,18.159971461532557,12.814467173761274
1000,25,1.1471118907885995,5.813930266040879,1.243661786838779,12.94210696741678,13.065257536890208,7.397391755889473
1000,25,2.39810192053514,10.287325296405944,3.0441574996480663,11.454447207457942,12.71048128751822,29.017036660449786
1000,25,2.088560196313766,4.822515298622921,1.887660256805376,6.493999105167037,16.840144886862504,21.182746509303495
1000,25,1.6866409204005695,4.032360344277755,4.4621866212769685,7.457111924443954,4.898371662045022,11.516906257308296
1000,25,1.2700077829819612,12.579355531539841,3.615009634224323,10.060332979815735,14.41765145194325,12.38007690028336
1000,25,2.052412977521377,9.726208480547227,1.3679750864317635,11.802591292688346,2.52706216197212,50.53401844000586
1000,25,2.115518599604064,11.687817997532115,3.2521511205745792,11.985182863394474,15.160669087648007,17.102319839853468
1000,25,1.608298211284028,3.43297965749404,4.950263754650418,12.114093203402444,2.024305683885077,9.108024791744828
1000,25,2.8235916005001975,11.116875863080509,2.967480802480359,12.98908723177244,19.049543517912234,34.47378749998913
1000,25,2.066828005100037,6.164745964376364,1.3107297866198695,2.1743714938182257,8.92716511187598,32.92544683015944
1000,25,1.856924461729476,1.5714046054781245,4.387347306521759,6.016161544636617,9.008908741947119,6.0096435111638
1000,25,2.3074960037773007,1.4452026210882236,3.475812914300492,10.720068460145104,10.310157435032327,8.252867668396954
1000,25,2.407960604727227,8.778429463870452,3.624288111349513,1.7522531101059873,10.09477492723098,38.79684009819791
1000,25,2.3327153448283546,8.665747648978982,3.9531099298009624,3.5622751750400683,5.962494729074703,42.34399421224709
1000,25,2.5558951192153874,2.5478687487047567,4.972283505995657,10.338994398722505,16.204547726007853,10.760114527230646
1000,25,2.1382973608904203,3.3146820307053786,3.651598222712,8.539337622408851,14.674437481804938,12.540016934288548
1000,25,2.8516380245059008,9.759887890317803,4.652733698070914,2.900539370683613,13.736515223792232,57.96820834393824
1000,25,1.61467705515028,2.122375115246939,3.9545997526979915,5.3959488206505615,17.92955940982911,5.483638787310483
1000,25,2.7555848493875876,12.380844591530213,3.453263059138582,1.1429458139011142,14.584867606447578,58.01720900693512
1000,25,1.6958091575285534,7.191365575200316,2.103776819940921,7.892499662366414,4.00770417338183,21.010318114394536
1000,25,1.4607381417416272,9.52871916361165,2.1612687585995163,2.367844688582821,16.689935850008485,19.230263838245715
1000,25,2.0814710524327635,9.377293817847466,1.395389894541545,7.59332252786352,17.309577833976793,22.29550455594916
1000,25,2.697107248475853,8.810242517262623,4.054295475536394,3.137679033548075,17.42908139663981,45.5053328389549
1000,25,1.3073460840512998,2.6767310054945685,4.377814057678657,2.0654247085387354,7.030549259485075,10.40757109087346
1000,25,1.885377986496062,12.903842839490952,4.560203724837274,9.611922348388797,12.969477769716033,15.99708589748607
1000,25,1.1912582347238498,3.258155732255318,2.8827300262898827,5.5116573943316105,6.379516463406693,7.726516172260367
1000,25,2.2366060393313156,4.9215584899805105,3.6860278229626067,13.182512061797595,12.235085618679571,16.199364921031375
1000,25,2.3969643615860403,10.848253454081284,4.027334833377624,6.040022384443469,5.061264847068278,50.50505069682994
1000,25,1.0988187149793474,4.45008365951029,1.9561723469883021,10.505069615594968,14.687233536893281,6.377741077633922
1000,25,1.200144139018353,13.868920688126632,3.3164342887661697,3.149083839370833,18.096430148429768,18.335350228752667
1000,25,1.3107409159512322,8.205371006045684,1.5970329728945987,7.7074263902302915,9.297443836151892,13.33691432133257
1000,25,1.357796582425918,4.869676068412987,1.9238480024757556,3.3515812912262177,1.115326490770161,15.493817238600661
1000,25,1.7530100492989487,10.513987830815518,3.935520621396788,13.323189671049754,1.2965183354301302,26.765518662803956
1000,25,2.666086711686381,13.112685519169968,2.548091478723868,8.053258933273025,18.619777745054794,40.61351409782463
1000,25,1.4246344213429614,12.91082022543232,2.104090387494576,11.491254616171874,5.674148899383125,14.985716743297651
1000,25,1.910061852529629,2.410496769167446,2.9148048694266246,8.000238225913243,11.72608195776197,10.377271279815163
1000,25,2.2797496913136777,2.94738291059607,3.6782265449257223,6.003037276812038,14.577988902067178,17.333372710775425
1000,25,1.331060987298486,11.047615520248156,1.5268024299859007,5.4860738385423335,4.209410061439664,17.66412443336712
1000,25,2.0288440343492473,10.88098548550051,1.912221933578941,2.8359316082448687,4.385916336233877,30.47937031860217
1000,25,2.8970345749263267,13.539377398548112,4.3422163706659145,5.304162367857664,19.624175791575453,50.88675741020811
1000,25,2.7448157926731502,11.172784783567975,2.3351013371857157,11.4926740873587,16.74434419442739,41.498972162204765
1000,25,2.464785301167149,5.60785217826842,1.55442569534316,9.149546728626726,15.197261911427713,38.859253908973855
1000,25,2.3624432159323483,5.503246572522185,1.0157002604321583,3.4617376090951506,4.4109920478579046,72.43339877390427
1000,25,2.558412064855885,1.2085179699658304,3.5700182611761666,10.000412495963621,10.58453920482643,8.411654117121362
1000,25,2.2298215268177404,5.14391861654366,1.2837302440377445,9.279426165170834,14.841478589451494,30.44801371353957
1000,25,2.353088404730757,5.342727336147444,4.109259325065636,10.443270680320259,2.142348730286918,45.74048388024855
1000,25,1.2968971796828543,12.746167492466224,1.3987455105764983,4.954125318090425,11.143037106632327,17.771566796797327
1000,25,2.36224231986108,8.78674198487295,2.921334543062319,1.2335649248121248,3.16988067806949,42.000999018649026
1000,25,1.0010478037820403,5.872843608966123,1.954374031645369,11.922293539512916,14.99376291958966,6.806934298968681
1000,25,2.1417752962957475,8.680421955010516,1.5297844220255312,12.986085363480242,7.142350070087691,36.919530740217006
1000,25,2.339090772337614,10.292418630596751,2.466136032641546,2.5992325600008925,12.807440244712492,37.63423311640154
1000,25,2.2756392139169295,5.608649081083881,2.6104154791279908,9.109320794502583,2.523531060673605,53.24887076889875
1000,25,1.0399987505452377,6.088637869364942,1.2820409172828633,7.3465141986794205,15.356185037456683,10.04780116311929
1000,25,1.3917163942528479,9.070684939140872,1.2755237840613223,2.3537695847956552,10.201105601093685,19.875543764597158
1000,25,1.6314929410387522,9.01514399721863,3.705848901931791,6.409865966573624,0.29856231493986973,21.3989502507354
1000,25,1.3919576769243904,3.7354816629295873,4.43278785468166,2.0133017789358654,8.382606835660411,12.77973784301226
1000,25,1.137051861799015,5.66332197590443,1.0499840147693025,11.767241579830495,4.5121986274881625,8.926855220031213
1000,25,2.414851410317624,10.785312174108542,3.9109371571452654,4.282173750015624,17.121155340815918,30.66882411938177
1000,25,2.2329152598597393,7.785512079890835,3.554712398425537,11.846325116983042,15.970548852280526,16.379968694077167
1000,25,1.9239465204959183,4.612231484066015,2.873011973114883,1.1233478241373125,5.543942784825644,20.475507408219645
1000,25,1.9409277631590158,10.301334841623477,4.0415588849482935,1.580991162901885,15.06559988608249,20.748036563060243
1000,25,1.490943346672704,9.48770139948869,3.396166295337741,7.351473433587611,19.132660435337453,13.122409670935927
1000,25,1.4824054318542672,8.329866183562789,4.108048833693463,3.1245025448581205,2.7818073583945435,17.037111989764107
1000,25,1.2871744290335296,7.028272263382844,3.2751048427992013,11.622760706068894,12.01353444061975,8.597651604192345
1000,25,1.0136657923937067,11.848768138245344,2.624507011744601,13.29065414766313,6.573329414407112,10.439387281834199
1000,25,2.876559802869955,2.1086554550989582,3.5979416422945296,1.0889327874605053,13.956930561533856,45.85974419469633
1000,25,1.6224891333326337,10.098893674128913,2.8492996591853452,2.6017809372949836,7.1040090694167795,19.97850552741398
1000,25,2.7431713934722097,1.8173906782995908,1.2741961605669618,9.43999629905036,18.633980095965917,26.834746860710503
1000,25,1.835112681578016,1.6109135070433263,1.6503336456019047,8.729156990141227,2.5949386218711235,14.566312486951865
1000,25,1.8446615319589506,12.497116252413262,3.934195809734628,12.02402268323025,9.384755841539974,15.946013283261829
1000,25,2.906782592843366,8.743421130421492,1.7192347706205449,10.033752658088115,16.67658567712127,57.72674347551286
1000,25,2.9940572258598777,9.569377495359767,1.9638091162610292,4.056001143080895,7.296453628414888,104.21158694520739
1000,25,1.158908773546865,4.695402806901379,3.269892706488564,3.920226785049699,2.117160392776962,11.467022586678821
1000,25,1.65667794275528,3.739862994132378,3.7858361245874472,4.98630441476044,14.107197884539108,10.064248031975962
1000,25,1.0065858559762377,5.9589629609954065,3.915915274945815,8.601977368227786,15.10360878901053,7.772384441844127
1000,25,1.6524816297338203,2.30733322364783,4.191313431222754,3.751496439861355,4.2771477100879185,9.801307804528568
1000,25,1.0769169107734633,10.19391312224033,2.531923588059923,13.826307213293745,15.001773007771382,8.966513623694214
1000,25,2.273552433827508,7.317085502091949,3.622137538159802,1.8374518906876327,16.454026630405178,27.412182640587748
1000,25,1.5902887921809952,6.105293705406578,4.8953850694294445,2.2111338354717542,6.718791779919875,15.851035402669977
1000,25,1.957459425527242,3.2821540364897084,1.0956144978436826,13.946155433299664,4.845829120158591,25.095896193901822
1000,25,1.9121272314192825,8.401815963017732,3.4521368710861737,13.252628468657141,10.593480816020387,14.191926165683522
1000,25,2.9144786171334705,4.635646542562034,1.4941674502391051,1.8777177237340055,6.517203516787582,102.37555883541741
1000,25,2.8539724761008536,7.749767483015814,1.4589169555783355,2.960924680488284,6.022441814559674,101.46233004243481
1000,25,1.009563031589942,2.906713456615511,3.648133237091219,1.2428382401838896,3.038226452416062,13.365265127548708
1000,25,2.2646946400988326,4.599217885712912,1.3801988551883437,4.306509785048448,10.706271606756681,46.636662589673115
1000,25,1.5246442407507004,2.2306511843268915,4.192356523915153,3.742892609623588,19.931313002911235,6.790719235405241
1000,25,1.255219058589859,2.972853534404665,4.22439876853006,6.2089165392098815,18.296575403561256,5.825602452726693
1000,25,1.741314256351311,5.231202813850882,2.3439034407638712,5.926911399528174,7.347302022341758,17.767221004501327
1000,25,1.0115903181435202,4.935340501288039,3.250321306020537,9.416974282663539,19.78778430360872,6.462198320335595
1000,25,2.121213503594822,2.638376008134393,3.352664073501485,10.064777334440457,7.064387933975079,16.331432523094904
1000,25,2.0395148079369108,5.916172585468357,2.420652335143726,10.552997599514594,1.7915573655618933,42.74277319354758
1000,25,2.2782675815554922,13.927921339251888,3.227993889728517,4.90495960593164,17.84003334770682,26.357062615067118
1000,25,2.5837653448754825,7.977385861763007,3.42873043331636,7.556849616470051,18.745026833965554,29.984786923915358
1000,25,1.1799018736851576,3.2984355068538296,2.960264863162364,7.430578079664436,11.110676811309544,6.215430946537533
1000,25,2.130201766569683,10.040447886688481,3.652978550604866,6.201902767726346,10.541795820798725,24.426788171824974
1000,25,1.151142665071332,11.448570874868253,4.129995636901203,12.018277979211776,1.9770149321374109,11.662186428228038
1000,25,2.39610677495563,3.9609373062359285,4.575242627737499,2.737583522359081,15.669330332234601,24.54491517145179
1000,25,1.0966623496998522,12.792588748445594,1.7811018538788965,5.646287558300767,7.5663924938195155,16.211993777556
1000,25,2.431969162634636,8.656891247269321,4.680214087226661,8.66697391033422,19.752259691814285,18.936332878284826
1000,25,1.0851150971689225,5.0683383531315185,4.553389231964603,6.160653924501655,12.234186567524832,8.507309075531023
1000,25,1.1309208644939932,1.1102263488406945,4.754475861002482,6.537010997683099,0.8021139495467411,2.1047088655401276
1000,25,1.41472984311839,6.664047910754997,2.3056919641302707,3.476801440430629,10.428790009305864,16.001490880846667
1000,25,1.0836570382150181,1.127967347553843,3.421265692593288,8.058640573351376,16.05480139605189,1.8140706176459176
1000,25,2.4509265094499733,10.38199772562519,4.1896028268941246,6.564309997523682,14.932643347245264,29.743200194879208
1000,25,1.3906635208029485,4.601229456753238,4.12542181653046,5.0676586944681175,9.64156087760254,10.12893552242767
1000,25,1.7534827886031,10.732521245225891,2.98411133477059,5.7407988169661905,4.6461877153218145,20.8085691831927
1000,25,2.304844551658401,6.265458804685809,3.922802805202076,7.864662428829602,7.62339978701041,33.57066506143223
1000,25,2.683837177388579,4.452315446303327,4.10749314379364,1.6675975806755936,9.836641998006577,49.863324363476174
1000,25,1.6724520888280021,1.9842780577711479,4.560300265365642,2.775200936639954,4.616059980019402,8.855698194343438
1000,25,1.8041679533947315,1.937841454010358,1.3488831238628638,8.591227978386486,16.039579790682964,10.139639251707834
1000,25,2.5689602555618904,5.659060359238762,1.3668439926144935,11.622762824085715,9.145626289231952,54.48397707334495
1000,25,1.9509704993566552,8.642121337308108,4.401757660516617,8.798917609215586,11.928297532508578,15.33425659468557
1000,25,2.0370428097961923,5.390357861669372,4.021951426420541,13.379964145643472,13.334995999724432,10.940365003031973
1000,25,2.928995271757879,4.774192632047663,3.0477382767328325,13.026485617842019,11.224451172360572,40.755778773418676
1000,25,2.7864173708750712,8.496292749797433,4.149031988455913,6.725077226964185,5.155507446495342,74.00725488059835
1000,25,2.3989747999769797,6.3187980097999406,3.008712286710012,3.2113144235428472,13.696617819810868,37.33021331579107
1000,25,1.9732538826249384,1.80241509452273,3.8852021290422813,3.572164361551746,6.059167725940108,14.407884427284273
1000,25,1.5948554284999845,11.560357926849163,1.4395745583354587,10.752473040468184,18.857271874253666,13.873110964442208
1000,25,1.9733065744581262,4.761790686866513,1.9349990219108602,8.646502256601162,19.768124405560684,13.857102818812411
1000,25,2.987655297544933,7.795577873938752,3.629947719629984,10.814753929954211,12.557388212461753,51.1327434134398
1000,25,2.5667899130037357,2.688854301523175,1.586605207560706,3.792428153199892,17.184903216749657,46.65463276975239
1000,25,2.156564928018116,12.140792811174606,3.1500124059971597,10.965383965380658,12.379718107058078,21.111718059292244
1000,25,2.141641668157231,6.582716224649501,4.069212798471478,4.563359482832613,9.164272257627266,25.517854476206306
1000,25,2.3727601685412694,11.460065002602867,1.2680010711415561,6.975118536378018,2.9969579707564264,74.10328143740607
1000,25,1.4009478810907912,7.838328803660207,3.4334900105300217,11.67045976131537,16.589496917930283,9.169853602978796
1000,25,1.6200079832078373,6.776508130841788,2.3895599407880406,3.9137102757618356,1.4467857040828869,20.003211282445847
1000,25,2.2456778521525456,8.7583185524524,1.9748185981080746,5.7950737576829905,12.8593582842549,33.624528828779056
1000,25,2.866362870822992,5.163166272546349,2.6784611656154724,9.279443446087674,0.5828098362690426,84.39549810805727
1000,25,1.4807779935627154,3.2555935928550404,1.3075968442926023,5.309771436109608,2.86712063551835,15.253252309122782
1000,25,2.622108461708388,13.645681991923805,2.464846176924178,13.405922296806242,2.0244794762347307,92.93290918548203
1000,25,1.0629294990903504,9.658602955877846,3.9318888636433367,1.2099517550367356,16.078027435887904,19.64141351989391
1000,25,2.8485547817400283,12.950660454564174,2.744051770320087,7.535366778297946,17.113735902008642,53.42085081099821
1000,25,2.265934425701378,3.195176598365669,3.850892025270232,5.355417889264537,16.218419628780214,16.626127513921542
1000,25,1.989417867320495,8.191179626392259,1.2659430576685784,13.55000927498181,8.380748914829418,26.7249384155115
1000,25,1.830090799687372,10.152829490832707,3.65763920780226,2.908772829015799,5.890055402979688,20.79423594020717
1000,25,2.307729576513852,6.462195201547581,4.436005194151996,13.230935295414408,15.988574624160954,13.806824590211688
1000,25,1.7688221185842066,9.869559169564761,1.8836452967198496,11.134913864531732,2.844361608512125,27.34439530549409
1000,25,2.803908729376661,7.593121953073447,2.2399499204950373,11.340288901510114,11.563617077695156,55.78423195132919
1000,25,1.8019105188302469,11.632716183979129,4.4782757375671505,5.131187786953996,3.426345256859309,20.904335758417684
1000,25,1.9831692699827448,4.827845649630249,1.7504431906723257,8.064845519390524,15.25516479950182,18.2497975490028
1000,25,1.7548315759254276,6.834658230148017,2.332269509945269,7.769129002835339,18.882655532549098,13.375363037109306
1000,25,1.4740931421087986,10.789423975634561,3.267737355354898,2.5176653468917785,11.842435152998423,18.997443150720407
1000,25,2.4429015233081834,5.771318914762231,1.3076236162249848,3.0831727892343643,16.958215775278585,50.073420671496415
1000,25,2.9470656459533515,3.0641221650866615,2.133056690984098,7.334270398052255,3.9651779097988316,63.864237943917715
1000,25,1.0743593055003167,2.8039504635031522,1.990103960647927,9.839808689668617,16.20228268078882,4.4594204545946585
1000,25,2.6197854517082653,13.333767906232211,3.450489843804048,10.891366272377981,4.274754308862743,72.11326260746661
1000,25,2.1861336446195287,8.175215901626435,2.513230848938213,2.386961574565469,15.99680696770555,27.61459712038405
1000,25,1.1642712838702547,12.687299830752528,2.45255843266926,5.812217939933041,7.1406919322534375,16.03346459827226
1000,25,1.0668045482286832,13.300179155471078,4.523945522343809,10.85429967131254,9.878713974951822,11.546292714723924
1000,25,2.1143900470424146,4.8647843624032845,3.034270967305766,2.0691178234083143,8.278622395827309,28.159650555599026
1000,25,1.6168561867700473,7.086487501857019,3.4103035910883137,11.996463229914346,0.8958263175270686,20.56736566930869
1000,25,1.9404937281406858,7.694342304598388,2.6711417277198928,5.310872700479187,15.551965015242361,18.440832264656276
1000,25,1.054819085368919,11.10151190370263,1.0979234033714356,10.017304906880646,2.9812453648546744,13.100381238928872
1000,25,2.1158540615759422,1.389772365237521,2.6874389295664396,11.62083233670412,1.0803406277050565,10.928566098637702
1000,25,2.7973801229397743,13.660369878172867,1.1665607207363968,5.4936762870675055,3.4412292182638815,107.51761480395653
1000,25,1.1197343272528029,2.525210470179134,3.209049695594745,7.909127011128556,4.407882412475386,4.5498332133165205
1000,25,1.811186631249144,11.490983646313552,2.1119401845736308,11.408047939491883,7.556409310514365,19.191552095676048
1000,25,2.0694365799198398,1.8140454854413404,3.187827186853224,9.403286158728545,14.853623884645957,7.44183399313512
1000,25,1.5892951996687474,9.739596401177247,2.6202357062366977,8.155569639132729,7.730112158160376,15.884894991040968
1000,25,2.475161815090102,2.923151045610788,1.7820664053680386,10.954906375783617,14.003395308073546,26.88606233379437
1000,25,2.3308274509196827,3.9725355830854463,1.372418715819264,2.5493229587156714,8.95227101634231,55.03424385492799
1000,25,1.7056345552263281,10.465556859604533,4.614303180569547,7.973352092461842,16.734234937729504,13.89852510211049
1000,25,1.4217090163617705,7.790322708827771,1.5961570371038367,10.690387597150503,8.855572124776616,12.26482933618549
1000,25,2.789910066769052,5.7779823851976895,1.3705131168915918,9.67271834687121,17.227893644895605,52.294488881244426
1000,25,2.584037545899445,5.174874959950817,2.2968914991660982,7.8355424833496325,0.4612681961078402,81.2433122517657
1000,25,1.7282666647572027,13.256718843966732,3.536936047037206,13.451496222578625,14.693841112742893,13.274864810530023
1000,25,2.1586561675754323,3.9773358091229003,4.693029907097761,11.805772999380025,7.7253069400683465,15.92989344587846
1000,25,1.2325342445735867,2.87744537062115,2.9637972142759126,13.318757750612729,1.120148596908641,4.570158033834579
1000,25,1.9226509084118528,5.937072951896531,2.8694269372696204,6.6654383673732,17.301658919660195,14.742238103432037
1000,25,1.5314881441012136,6.55885989310106,2.320901464627628,4.261878736098685,14.008242207417885,15.430655909931334
1000,25,1.3140706199872387,7.8567725738088825,2.871350053877986,12.91572449385535,6.131163169492202,9.8359196063812
1000,25,1.896473508628743,13.335237231538587,1.737872337402378,4.6005031879811975,14.341799619626173,21.89012590027024
1000,25,1.2243958953276914,12.231804175222466,1.0117822135899575,6.486534087996928,6.706130429013804,16.63824597224837
1000,25,2.435281459667463,10.113025964450252,2.471956985836223,10.997547306541769,2.5603558240903412,73.34351149955512
1000,25,1.2729454416550563,6.616605979852874,4.689794054585662,3.5033973116079933,4.035901143696179,13.749210606544919
1000,25,1.071028502742623,6.409052121634078,2.2977357633434874,11.401938341974216,1.4314180039573299,8.828749518368985
1000,25,1.951377618172349,2.342169663376203,2.386755131409415,8.254464932625357,15.38978797137994,10.42464321671858
1000,25,2.1872021865088556,8.242494589709882,3.7256923700497926,3.486501471847559,7.081057395870829,32.411417016972216
1000,25,1.3130156660787649,8.85010789034479,1.207187518128432,13.928061828847323,10.826111151817617,10.423816281919278
1000,25,2.5824593202758486,8.03139422846017,1.0524548705278005,1.798831374936103,4.189208644785869,74.68415543123729
1000,25,1.9923684541291962,12.391894932296777,1.6221651747261374,8.372455534927042,11.066054700118514,23.281161610946416
1000,25,1.8635155129323713,11.669375437186277,1.1411069149226742,5.753997226311545,4.602404255185979,28.04973267420363
1000,25,2.3984939268828684,2.7917510338145215,4.196976246152544,10.726724440818268,3.0224193444928105,24.30897923817943
1000,25,1.9971375812857173,2.1071177596099906,2.6137890923643683,2.468822552917276,11.098869295666084,19.22087191059111
1000,25,1.179879655549516,11.504475427679326,4.320686320697506,9.379780778924577,9.022454272506488,12.041280719809125
1000,25,2.7430644052308875,4.114732986937517,1.2191300288399773,11.852095132506312,5.1530355800086,61.967989513782214
1000,25,1.459744385244496,11.992489158198676,1.2316421449597832,11.42309570683818,8.851506157407787,14.778422877879253
1000,25,1.0841497301155834,4.240507032764731,4.4770046647210195,10.990544777412508,2.038545654472661,5.427992787016154
1000,25,1.1684760814470894,13.987270706569978,2.3941885263048244,4.389523659797113,1.1741173360528334,18.337132267495655
1000,25,2.577578594607444,2.7487879146836653,3.3574035056847213,4.80267183430782,10.947207939619519,33.76741690104055
1000,25,1.8127217338236146,4.1680890913124955,4.885691681381095,10.307084088821368,15.504651862394724,7.198441194500329
1000,25,1.6395159367680567,12.300522058116304,1.5486463477758101,4.728819152643005,4.2078258218029525,21.610972830989674
1000,25,1.8353418729162745,6.6357395323276,1.8914911965475998,1.6044998957621803,5.20793377748485,22.315702481980313
1000,25,2.1418748632626023,1.661707980232543,2.8864749531534275,6.987884974976982,5.928990400636849,15.67927306028519
1000,25,2.020131729665172,12.34187858737062,1.0630953509413037,5.579500197204311,4.661889346641748,36.550137873104795
1000,25,2.9817878774947353,6.53741736451688,3.1757794395132395,7.018468345349389,5.800580620170539,84.23865970452995
1000,25,2.8466022115190306,1.431822002611348,4.97901901632099,10.291610404913929,1.7229312465579083,12.905427305089717
1000,25,2.4268452811225463,5.081676092849621,2.1288552920034878,7.264391939337905,17.13899036678553,31.55424480179228
1000,25,2.7959173564140762,2.9503357138491006,4.222947685789965,9.579344765809997,3.5967681590056033,35.27776098666275
1000,25,1.3393067801331446,13.111262520286914,4.8871859556081265,12.8013310965068,19.225593112707916,10.7681987412713
1000,25,1.4163171669823653,1.7485829224676064,2.8351682506075053,10.779066709966262,8.319511125444825,3.1971059647813878
1000,25,1.1447284613238873,7.1568657365833666,2.6976633344235017,13.734407900448375,13.083598809591912,7.4600259332608125
1000,25,1.7963919875878678,1.4031745870857595,1.7731691489209584,7.734965502585634,16.50639074329167,6.7384515575558455
1000,25,1.8534299337805957,9.191746316393777,3.848948578442844,4.919208279944054,17.755249167348545,16.87005468876709
1000,25,2.062373374356361,5.568328833665792,1.471361025929709,13.864172159567918,7.58945812464876,29.26949862909517
1000,25,2.8716977891399553,6.175857783243513,4.640150783502452,13.279142364103468,1.8334081144715975,63.11519504510629
1000,25,1.4758740695726729,1.0676791197806237,1.642442782081042,10.28671038009364,9.495725094401022,2.974102566272258
1000,25,2.0869036332169784,6.175135432238386,1.6688111780129868,13.164112226519707,15.583532188219873,17.670952643126263
1000,25,1.0291142631395407,10.940156253323964,2.85000742315951,8.9376439231649,3.731979349698933,12.374431468535613
1000,25,1.5468008807360378,6.541902395494121,1.1817635257548447,4.675577141662842,19.318716858644112,15.98995585932644
1000,25,2.5435387777148177,5.527434187196087,1.0484452270634637,12.656322086667062,17.2236071726293,38.07907668577343
1000,25,2.344044343009699,13.35206506694194,3.9414543586699824,4.274987583701044,4.614553204771951,45.83767369051394
1000,25,1.6230214814193729,4.609716454123912,3.4148088747480543,6.364027468476113,17.771630023352184,10.092931894460023
1000,25,2.1214818677588374,6.221124202480577,2.2819372750609186,3.5761707606902897,10.76561276951205,30.37198139391709
1000,25,1.203652791965005,12.520934627868558,1.4491248482712753,11.717369671989665,5.805521690108035,13.261905301145056
1000,25,1.6156952311254449,11.071167691904275,4.69321463133077,8.187142632693174,10.455932211681382,14.44475401364907
1000,25,1.784753234393955,5.304494790096789,2.8767635857244596,12.048866303857052,0.21756004654469807,29.109149463981606
1000,25,2.736231527364809,4.081186267262638,3.36470032052427,13.791223801218388,7.622366769221951,34.50015541426812
1000,25,1.3307882688594217,10.338760130719589,1.9930099307459703,4.457633434483406,11.765609881939994,17.019469202608477
1000,25,2.004279958648569,7.657206361118107,4.8616513418402985,13.245830908675206,19.37702228784444,10.065295004123914
1000,25,1.8189730253056253,12.77634381516875,3.1232983351227155,10.337425014922664,12.481708166936258,16.26306000366032
1000,25,1.6365440416436743,6.629542595398469,4.6660486990836905,9.99429715013856,18.783548755595103,9.131994389315341
1000,25,1.248153091174299,9.594829259676148,2.088191243425245,12.30080763002306,19.251310969847705,9.83618423546177
1000,25,1.087408616014143,10.33565812573216,1.9052266612063509,7.851728501658534,3.5480661502445487,13.674465088531132
1000,25,1.2089938375870506,7.092041850707508,4.544410707752975,1.8137982176328622,1.7177688752949116,16.852114756280308
1000,25,2.4107948471731238,13.832782346182217,4.573463157669954,3.70653000791368,2.764574159032216,52.152157259345145
1000,25,2.619793996780266,2.0991454239517764,3.067674358299331,1.8808846739410483,7.231355961519716,46.500995450100596
1000,25,2.681091428000954,13.164853144953037,3.9425412192171048,10.088493134401274,15.526808887184187,35.67124959807655
1000,25,2.748320559481824,1.202713245731363,2.4448387390540716,4.176842352768356,3.6209644489186332,29.32599647261611
1000,25,2.3410087314576575,12.088335547433575,1.1221775413421766,13.91959158828044,11.255629302592014,37.556877625469006
1000,25,2.156078236618689,8.931032119083273,2.6723774762607038,2.991878197818364,11.322435045809748,29.01193828483895
1000,25,2.941320438057504,12.955671655536054,2.9122874932190945,6.475628308130342,9.311084013768156,81.17565213273842
1000,25,1.4158249827995066,9.240708778573977,2.0588603668071883,3.7887137029040407,10.068210479111961,17.734140909404868
1000,25,1.3059449462824808,6.506272418729315,3.0472918332495547,3.6513517253153065,18.87013176871093,13.967062132324807
1000,25,1.1049664157534174,13.299813788123771,1.176618701190018,13.566844488934644,17.451829087934982,10.903227226742908
1000,25,2.350053872793593,9.802539623752526,4.1324911437260425,2.3430301045100475,15.143827228223085,30.684973461780388
1000,25,2.1291469220059964,9.219801461358209,3.0949398758582136,3.486166125144455,2.799450148731344,39.07847160502816
1000,25,2.1724951698207153,7.490562776716825,4.2259596298717215,2.9334089087703537,19.058370056015757,20.601899433395463
1000,25,1.1257519729143286,1.7050365887636447,4.1178566369791465,2.4002740273296053,14.656325645312522,6.8367035549434805
1000,25,2.3250598828027638,1.7356575339184066,2.2015988453545527,10.42655108482694,6.335634316562288,17.70996804871182
1000,25,2.945390827322921,7.915881777943504,2.1179996477858007,10.167047569851736,2.5891911045765315,105.09010546243012
1000,25,1.9993347054485746,4.862138481122363,1.677728818209506,4.546486147474141,8.125941123153327,31.74199025029707
1000,25,2.254787421367697,1.020818496187403,1.671967047597124,5.685294847915067,19.093250579321083,11.94996923376316
1000,25,1.2208617068769014,4.167782287149185,1.9051298524580234,1.1768935221087402,7.752139508643719,17.064122392385645
1000,25,1.1422148109870884,9.39562417451727,2.035500185076177,4.632792243837557,7.311619635961984,15.57286146846735
1000,25,2.978218185478198,4.358608269089208,1.3498947028762527,5.5311067437334955,3.6562150654522907,107.16164613197877
1000,25,1.0525996781927378,4.979514111910996,3.789635546265635,6.719271515674009,7.734814464083666,8.302766535492134
1000,25,2.2927521376540665,12.23574088162989,1.6421045594758117,7.775953904951098,7.4440442952627635,47.198371049157764
1000,25,2.4288473732111964,7.310190212704571,4.0245718297787985,2.4843192711923052,3.974345709749081,50.469147534290286
1000,25,1.3027322155484944,7.245305072099566,4.922027901473111,8.882009266834748,9.310671558459847,9.60895994353649
1000,25,2.6271325347239225,6.896397330705349,2.491823960141728,12.285157387522606,17.331149839835078,30.19216652316005
1000,25,1.851739587996076,2.2853369245113244,1.9853977380401688,2.4340403659698304,11.476972606072724,18.107766110564718
1000,25,1.5566020504402378,12.964055749147857,4.28984708327482,3.657113115183596,11.292227390845168,18.504423550565043
1000,25,1.1133890378717586,10.61161984439633,3.7141287112310066,13.835665288201723,6.815613851626194,9.625760386802867
1000,25,1.9819275150381914,3.359471094025225,3.6760265556512173,8.745124435631753,16.883313844182762,8.989531896720774
1000,25,2.580017193423447,7.116858837214078,4.125223589218879,6.413414766944062,7.030167592653185,51.972403269282225
1000,25,1.339163342474084,3.905091508828732,4.868968698510621,8.543458793108298,9.732630622351,6.187722970974956
1000,25,1.2697495117710256,7.224528990775308,4.395991574754952,11.061795084344647,14.159075859220705,8.269348816029725
1000,25,1.1464253835992164,1.3697268074911373,1.3477236881122208,7.334841784360471,18.755877953187817,3.2119897037583156
1000,25,1.1681803635352428,12.798242572728963,1.730067578223954,7.155932696744741,15.425509311973242,14.668726058761242
1000,25,1.997800860663573,7.51920500763627,3.8258760655315522,7.423689642915649,17.002540305357684,14.979487660072383
1000,25,2.0740725921289442,3.2871550331875694,2.43678531792555,4.363254179781814,13.4665792158796,21.792933960137848
1000,25,2.3407888651192312,10.834731316904314,1.7199574894127054,7.275744863294182,16.973939597118722,31.83506886955683
1000,25,1.4648809860215652,8.527036317579206,3.566281320933889,13.704793176816553,15.850159616619873,9.05116041973224
1000,25,2.7157364719088575,8.21850272920685,1.1362052483600675,11.413896906489928,0.6467662645252048,108.71819654317628
1000,25,1.5306951767612038,6.883769697943427,3.7691363371425135,9.9431656509831,5.660248211266044,11.771309001153266
1000,25,2.995932616213277,3.1214253989717036,3.362378785046755,11.878754948151492,15.781261782695971,25.669132153058957
1000,25,2.0493854778132805,10.706717481341386,3.0830952773890994,9.845657520951182,0.4098882903240897,54.07887246716852
1000,25,1.797519281465201,1.466353964184509,3.862388545183579,9.082268147312355,5.5390848938929,5.49912858890821
1000,25,1.2152471533399398,11.835848635010743,4.727285570978978,6.190444528799958,14.429591522941156,14.021679546348253
1000,25,2.8018298950370237,9.614632132779223,1.909726916555579,1.2923212511739681,12.564825492361244,71.30036259259099
1000,25,1.025070674783798,6.596915046894323,2.2795593699077115,1.2814051806415307,12.875599080995517,18.29129721005
1000,25,2.239467709217499,9.339872308706664,1.3860213724322703,4.918684922415476,10.585787164405268,41.076825671283665
1000,25,1.172279644375448,10.011305480546559,1.0921889094171573,10.943868797638268,4.269177050443491,12.759120689666707
1000,25,2.2987928113546254,6.143059720608668,3.8482186103220215,10.411641745106634,16.860271714222044,16.19081052581914
1000,25,1.5066405439689967,9.819630399521913,2.664941614313489,2.599326724192894,5.182677545324386,19.512531843058408
1000,25,2.2114423478962904,5.5935186382326405,2.475951553814534,1.7122260413291945,19.95471669247604,26.627563087500086
1000,25,1.6816610670970973,2.3671804274272104,3.2896944573609255,6.26337504250699,16.800540117916054,6.521355080282425
1000,25,2.6441360650911214,9.402908462454892,1.0183985578031294,13.398856760883815,5.665900425603418,79.48660540562025
1000,25,1.2958748901354586,8.101807191441859,4.716745765247101,2.940715955038363,7.453621721539008,15.684191314979435
1000,25,2.5912420698749807,4.323624363806134,2.5361057496104444,13.419409401632013,3.2969960609621007,46.561990627373895
1000,25,2.526777811623431,11.163498563583758,3.3064317390165714,8.848577734073638,12.416622858906592,38.15864440400229
1000,25,2.054241912032939,2.970174311135949,2.1262899131068584,10.073692797990672,12.415790433538476,16.242721878918115
1000,25,1.1390902264215546,9.162456549133363,2.0281209425572575,8.682577818957178,0.03502732413307896,13.486425340533128
1000,25,2.7644715301902676,13.859047486811011,2.027267299881204,13.217028849937558,6.816615329445481,75.46341072900803
1000,25,2.492511398314911,3.2363704565687046,3.5078824667061257,2.40827348489138,0.9585079285880926,58.98153516621601
1000,25,2.413834265280873,1.2926447848998006,3.558132515759798,2.2242207401653986,5.682837454992143,24.245346556132816
1000,25,2.896495756670779,11.174241291304185,3.537759157512356,10.886603355376698,14.465360283143436,47.358131357040655
1000,25,1.705146311693145,12.02744009967416,4.963507722669517,3.0901892280600407,16.472740536730292,18.542330588668435
1000,25,1.662714618527111,12.760603037733206,2.8813805734573794,7.022896082428066,11.835226754530133,17.378318492371484
1000,25,2.7734253178769945,10.650265321277262,4.971232979725867,5.0042270690664665,14.414710057679127,46.63030904931207
1000,25,2.3244339834569065,13.888570429590757,1.0866880867949766,2.2740443618868182,1.8060177047843484,49.70492293368196
1000,25,2.6823781235923225,7.719180311226486,2.197961260724613,1.4481630251008828,16.40249493403018,58.17737199764024
1000,25,1.101698649638497,10.500440879334935,3.679136220212903,6.651322062185143,16.85649763292726,12.793366833895645
1000,25,2.4735658724671783,6.403167427061262,4.000337198050283,2.4817995962581514,12.09348220885462,38.68024831627529
1000,25,1.5677249336678853,11.923899465269889,4.506823818687017,3.7325060913547885,1.0298016466271975,19.069218642453478
1000,25,1.3013192460914194,9.093076261236448,1.281560294977052,1.9179748228398665,17.185512413556822,19.839962118350932
1000,25,1.7370008917214508,9.830499625638994,3.770748108599567,6.710305575275591,14.139707323361685,15.598983126668594
1000,25,2.4525531926746478,1.5457152426692493,1.271664345488436,8.273842861987458,4.406915016207556,28.220145330798076
1000,25,1.2875098275837042,8.484946982561269,4.632239465197881,2.085845312714899,3.388031500236599,17.41065340290381
1000,25,2.4944507706025285,12.98340038000974,4.356267313219888,7.92195046888547,6.743274639967463,48.66129097846312
1000,25,2.3039246947999192,10.153590124306731,3.3651297015163433,11.108349759493665,4.6825643051759025,47.19652661067169
1000,25,1.2977541219688717,7.708296517622515,3.5550997218825873,2.536470220403976,9.033459910448574,16.55576120872868
1000,25,2.469305393238839,12.485674137548305,2.680121712833093,12.371887950873266,19.89030093936015,23.023784991547508
1000,25,1.023825735669176,9.396030366625427,1.3568710763343175,7.153138670469701,7.544598530437707,13.108501733254434
1000,25,1.9641752885415165,10.91241529323683,2.693171339313168,7.079320128571908,5.947928147013009,26.913472215535723
1000,25,2.2281511180787623,13.528594438448254,2.408251646935698,13.524737581923922,11.7830091484328,24.56050177450905
1000,25,2.9048159075650304,7.657547626112946,3.6820430672620468,12.991952918149515,18.017721097557818,31.67920611460081
1000,25,1.3127577112753122,10.9517381631367,1.6447320503328795,3.6694178046283596,4.110872696445349,18.914355310421936
1000,25,2.4302924537477963,7.230356386432561,2.593145586838111,4.948766809465307,5.604722761975243,59.61880185622454
1000,25,2.6701285014857223,8.047410478329525,1.6826399870970237,6.969448694026877,6.196225597226843,83.17156207611052
1000,25,1.4274119729676797,7.980983412821588,3.8792495083826495,3.1860449802478925,3.4661463808975257,16.574449992288958
1000,25,2.2131142672159907,6.33421674123477,4.022948808629295,1.7186325437438728,19.946980654057114,22.32449784178929
1000,25,2.650607303989393,1.1963472053558593,1.3608462695265886,6.189697056330848,16.014283266141877,23.552091018858917
1000,25,2.004820604137767,13.390775056402198,3.3894787679208784,11.835152101880885,19.985913701541882,15.102716649059529
1000,25,1.8250779140654159,11.879075574476149,1.9667109854526967,9.083488046596761,14.093085359638799,17.475796542797923
1000,25,1.2604359006569514,1.8985657966536689,4.48354541437083,4.6299312900299245,0.7551608981081692,4.848598307851612
1000,25,1.7828254859389094,13.33410789642906,3.6207673038263724,1.8665504179189194,8.994900383007327,21.404862588696727
1000,25,2.6120250328138184,12.733555221589533,3.356198728270545,1.7138864013906172,18.251726546750255,47.01959979982854
1000,25,2.1006433717935824,2.97079682136814,2.273707994871362,4.6291818121256085,18.01694239853574,18.56580553462764
1000,25,1.7523069582194217,12.890390615532901,2.4944918111411623,6.528647476805254,1.5016416407278155,25.21429764243647
1000,25,2.2278796968754886,7.520363588343038,4.050791677592826,5.213425155867354,3.8126715998371807,42.96662378255706
1000,25,1.0044555619159192,4.966469374110092,2.169553063550741,2.1745505573403068,16.442745895111575,14.483321269416882
1000,25,2.415426426326384,4.967521689116683,4.804835069596868,4.919862136554622,18.53003128963532,19.976264917839536
1000,25,2.9913563317511764,9.003531907559042,2.6000058323232307,7.053604847441472,2.891436339228388,114.22876328358818
1000,25,2.7322121855591126,5.397831764055596,4.742082989684938,4.420966052574311,7.1489895539292,54.453423086607835
1000,25,1.25027064068437,7.022196669777043,4.402889239909863,2.368254952415647,2.517433915120928,15.88788193044835
1000,25,2.0973239922516917,6.823976471501833,1.3496017185254985,7.285095855925686,15.72627236178748,25.233234173836202
1000,25,2.8252186653169136,8.639893055903567,2.986905293125109,3.6910342716843862,5.001100452418914,87.89658413007169
1000,25,2.1806825790964455,11.918241587179015,2.7284281356516016,13.503747350628265,19.471780853905386,15.994993817349703
1000,25,2.0481286481761347,10.976517721634822,3.6229938304569957,12.101689710615105,0.9658250980621341,49.20232311224191
1000,25,1.4730302565886955,11.529222441237938,2.8597767272132737,11.344062478580273,13.088586982566973,12.684167805328014
1000,25,2.300454519976163,11.724647041221274,4.237659354604535,6.362247864587877,14.005055827658648,25.497249692674195
1000,25,2.551196561136318,3.5133167057758743,4.686904378521701,10.335002233674016,16.459284046708444,14.664785919275548
1000,25,2.6967250430509058,3.96580614525325,3.7894478349929863,1.1748337866005412,16.323400973105358,43.8685971975937
1000,25,2.3178128248371035,1.4494641739068963,3.3777961823418874,13.783350104089692,10.216385420109049,7.035124646541483
1000,25,1.0881812703392688,6.657852280543509,3.9933764766866253,3.7719314201964735,19.036842126210736,12.739248814926246
1000,25,2.876012116688621,5.159829898548921,3.7373607380802905,2.9585790925011275,11.978800322745744,60.80897644069665
1000,25,1.7231620851665472,7.833148643712744,4.333493639585718,13.822245550084698,13.091615903529892,9.793060738127304
1000,25,1.6123222926959517,5.713197300255038,2.865926745476462,5.897984059707181,16.575933367827876,12.509005143722552
1000,25,1.749548771868395,8.704109046158273,4.728754515045511,9.642584748028543,3.879473080116702,17.461288885166127
1000,25,1.8224488003575876,11.650517201111574,3.7594265066044454,5.834883075017372,17.05270404154239,17.339266083592058
1000,25,1.5133720963088522,6.524820154999098,1.3467383057729942,11.842047167861212,8.454586528850353,12.315840240202977
1000,25,1.9093318019774763,5.762374697307126,3.2728682877736808,3.258985343360342,7.884150601540045,20.701451892272715
1000,25,2.676417018747999,8.55657691672775,1.2347987725301057,8.295364752200548,8.774841802414116,76.73340159895433
1000,25,2.559052920500574,4.859870678805176,3.5721732471922083,3.379078844109251,9.257217669187954,48.33933115234362
1000,25,2.893801421879818,7.237170855950742,3.337413555147719,3.0122550928543133,1.790253644028823,100.20161726605842
1000,25,1.3763057183535123,7.349729315630361,4.58032436052112,7.22277690426231,15.36655240789706,10.798174632953945
1000,25,1.6328418382511842,4.360608383743229,3.7072113168241487,5.588487486537777,0.9738190043995743,17.787774257982807
1000,25,2.7878186300282097,6.1439341419518,4.77202912542835,8.170302534244875,3.710317944293555,64.07827742592035
1000,25,2.0384061896744425,1.896547061100997,2.3232255379957003,4.777636864737184,10.84892996236878,17.729947030083125
1000,25,1.873112778284483,8.489329811751572,2.3267979581995166,1.8623227006723089,13.345367955671081,21.526012783685825
1000,25,2.4244357876918023,10.808983346248137,4.9553079595407965,3.022259657065931,17.461468463070126,30.029896351493313
1000,25,2.1088554587087565,5.5834555873821055,2.567379413019118,7.392075290345921,11.658896682157787,23.80448864312352
1000,25,1.539836724134062,3.0213776387998688,3.2231367173956973,1.1086529851094709,19.12053498543798,14.943104242354543
1000,25,2.4482076095852854,2.1197079178573213,2.983550917777421,7.2444330831880555,11.877418665559494,20.476298678407915
1000,25,1.083259579996958,8.357891453859606,1.2957310610235657,13.106385461186726,19.529289958484874,8.432925479865805
1000,25,1.8663362911753383,4.647807574172608,2.5213841668780796,4.6012639015404915,5.04296856645539,24.99237354918127
1000,25,1.5756130563625987,11.5200501398747,3.150618597486225,1.6816661822481551,3.736680321869277,20.867571956462427
1000,25,2.5523756464224547,1.8234555030094548,3.625468840671617,4.79026526118675,4.511473572072795,28.611085852356908
1000,25,2.190854494703641,5.299907866747104,4.791419312213682,5.936570594913397,9.325700788061695,22.35125279252679
1000,25,1.8962710302155925,6.253894763040365,3.6320703788500643,13.256247964939815,9.11919744165665,13.319567522271058
1000,25,1.096889353296245,11.138565594208401,1.628400008653133,12.277896148462565,0.08637101173153638,12.857644443544507
1000,25,1.0881837620016408,2.955466165154644,1.0089316224356133,13.062710457807862,17.35992752128749,4.284272735012624
1000,25,1.067504599231182,12.238241039683981,3.583472973522998,12.696630988185513,4.658064225943397,11.022625346972927
1000,25,2.782116114534851,7.9990616445221026,3.4363238746002644,2.6173767534133807,1.7248933459038684,88.46601296353485
1000,25,1.280862351286756,2.5679129507851024,2.283346961769032,3.5756050224103664,3.6025904065830816,9.296620808325173
1000,25,1.463431260676421,7.2778286234641705,3.9918754227043434,13.08917338572267,13.066092426597278,8.447532254840386
1000,25,2.9223989112782576,10.304958629063398,2.4735574220107344,4.552696575933596,14.078894004238103,73.71762363814028
1000,25,2.758871387304694,4.170585659977487,1.825900891009864,7.15977635617902,14.772789866345615,51.91510391937709
1000,25,2.0338933141442985,11.980527244613796,2.625057433406965,9.829966429821768,17.815678845274167,17.325184254736648
1000,25,2.870905994313849,13.783320047707772,4.120341261169635,6.2442948228620185,9.766657327035169,66.9974469128481
1000,25,1.6264767187468199,2.575453941197248,2.6418829272267637,13.576336812310304,18.35727872294535,4.264920253879418
1000,25,2.6097732978373815,13.138396741188464,3.9802013978350947,6.008577150240805,13.280957845011407,43.18764500917975
1000,25,2.8071221100183132,1.1026710532536113,2.4554246631775505,11.690109050495808,15.211540905766674,9.427545772268036
1000,25,2.973665889932448,9.336089524053827,3.735650938417467,12.57480950615051,7.663789246204629,66.21642319352279
1000,25,2.946749787287507,7.366271696780337,2.894833694992165,1.715681818363072,3.7051207479021975,92.47316577048146
1000,25,2.2175103321269414,10.944971306217415,2.9924089681774677,1.688371157559744,16.57997407697473,27.394569635038817
1000,25,2.683492399021808,10.536260645924933,2.6220177959813085,10.193377238075543,13.556223917666866,45.50491459055831
1000,25,2.417273097087705,10.073268426673113,1.3587775313979216,3.351609403480022,11.01053669951189,52.11279754209347
1000,25,2.800503882942218,9.752987278139127,2.4825438463372653,1.6618386359686965,10.256972328514728,71.44139170428726
1000,25,2.2536195005839965,3.5780223997451044,1.4489540504505314,1.9678730819292984,11.244166155401636,44.1502094069324
1000,25,2.385694784562227,7.661824861234943,3.211208242423522,2.6095758734816874,14.821092538914058,35.21293880496481
1000,25,2.738696691971467,4.545824276258392,3.7591234425267537,7.1629693590040775,3.4824135854821514,61.673453508276026
1000,25,1.9341298214986806,7.409786969921598,2.317692150203571,4.144459457054828,12.591281454679395,21.10763230355715
1000,25,2.8918602754273737,11.909494007411052,2.930817821838173,4.393239490712308,5.761191948298487,91.5020154085492
1000,25,1.8772191182939826,1.9540669082104003,1.8600464212052739,6.897804237072685,16.63893335721026,10.407506677726994
1000,25,1.595165696366058,1.2863741373760942,1.3026203147251634,9.37346962011819,17.66492793683611,4.4650638937831255
1000,25,2.2878184894296347,8.89740669424445,4.504040599412681,7.325076891775417,10.439346069911146,26.910916106330962
1000,25,2.6770057544374497,5.438731504296188,2.6781600026829975,2.24411735261154,13.501129780712432,57.26400511581134
1000,25,2.9301116907818825,10.065970610662271,4.73536623275623,10.161133476523107,7.242873177432538,65.36869590296492
1000,25,1.0576552655817442,8.954596731341029,1.7718623143463108,5.977563859564319,8.819269612711516,13.57779271842526
1000,25,2.9103241905669566,1.118046545397541,4.796905101418689,11.36901038506458,12.989622819017612,5.976734937127361
1000,25,1.083843658540258,12.941503969391595,1.74737459401448,12.466046535107523,14.120979706138082,11.220426516816948
1000,25,2.3712644498060897,6.058847741858484,4.419238222598194,2.9527034096691027,2.4121963161751414,50.653879462448124
1000,25,2.0646927828300905,1.0764314457956874,2.2732421512640157,11.787529304497175,2.635780033661188,7.561181496044508
1000,25,2.61464303936477,7.949834786123962,3.768261599582418,5.583404198566155,14.807188996337711,39.53268850771304
1000,25,1.6937291517055115,11.314338267221162,4.809607916853507,10.378729515238994,2.09684290512157,19.69013501693638
1000,25,2.662056855875618,10.42041496043755,3.942619421296449,9.07766093963868,4.799260837801942,68.61424077693438
1000,25,1.6518688035227664,9.720215635732927,2.781199041792187,1.7341195816008639,10.158133418748264,20.55046391649727
1000,25,2.080278319597551,3.9479302036329176,2.6815230512222685,13.88413891655663,5.751731750387772,22.284677370089465
1000,25,1.8161336695662769,11.642078547083084,4.216516396209175,1.7334598054392352,12.001239139039427,20.64060522963986
1000,25,2.501565642555431,9.779299247087916,1.7530399298540917,13.620686927400268,18.14976688346396,28.376396518582304
1000,25,2.6496190228107284,13.206030611252267,1.1292675656406725,8.63818247319343,17.79885904027705,49.71389826037119
1000,25,2.264732758748245,4.298052181066613,4.3234857168938845,12.79710145738637,16.54903925764152,10.673430945460023
1000,25,2.7706772595489992,4.348627032784248,2.933347813376987,8.696264604549839,11.969503087106288,42.495461062566655
1000,25,1.605691831159992,8.23272261385672,4.4244096702707445,7.1979125178229335,19.651120634210805,12.220290813104251
1000,25,1.7966607994912125,3.4902060203873053,1.7843784329907568,10.808114601059717,9.9829929977512,13.803925869577142
1000,25,1.2582465970246017,2.29570961228465,4.578037742042915,2.9985455942644386,4.380442642979716,7.54391824574828
1000,25,1.881780952354082,13.041588910778712,1.8547086285250538,10.204833681970692,10.83810467158552,19.38542642444269
1000,25,2.6251957351989637,6.271238284711463,3.943440509793763,1.7631971409555163,19.31233617581009,40.6762403911299
1000,25,2.2306411448114583,4.374685031707977,1.168846523043082,12.017059612257489,13.935779788861385,28.22684350603039
1000,25,1.2504744048092777,11.337583339796366,3.6914079952871917,11.536819340433308,0.8949966760502837,13.208434110488755
1000,25,2.363445245410743,1.4732673599797574,2.578118023232581,10.286433065513577,17.942353460519783,9.023631722017534
1000,25,2.2736953284604313,5.6826302661036046,2.5261837717552695,11.09996157250993,11.149746607075814,27.406398466281342
1000,25,2.113902433852085,13.399975301833738,1.1596936394253068,10.515600049803991,10.342439698224199,29.336700322392552
1000,25,2.8207014274599347,2.1120778352652985,4.271801393034946,8.246194038501853,18.47826656999131,14.664644441712934
1000,25,1.9044261771796411,12.95387833607169,4.767236211226986,3.6328167064839945,9.427847055381704,20.34609500559825
1000,25,1.9292367165469242,11.650635059979319,2.656600404605145,3.764400816472978,7.625593626157352,23.381582113181235
1000,25,1.6949475056509657,9.436292432365516,4.913405813090716,12.478430656324251,17.945166536658935,10.328482578522152
1000,25,2.5524958606596986,2.3499799972646747,4.77255423985502,10.59435603729207,9.337575978896211,14.794782448029808
1000,25,2.7542499527755155,6.340910430867433,3.271318575339423,9.424519742951075,3.710429129388768,71.5999719243993
1000,25,1.7443647660086894,11.498376215908538,3.632986251736138,1.0916622509187293,5.40603438790614,21.507182616267364
1000,25,1.7770870216125905,7.7466185290465965,3.9894630544281786,11.5036644500397,11.920411494270294,11.725972972003346
1000,25,1.6906250180745102,8.231551856403355,4.57161547407032,6.761342614601333,17.058591750844702,13.138573029338588
1000,25,1.3293402929993567,2.4360858259502405,3.8507312819971697,5.032034403217484,11.615456607332105,6.010746150607105
1000,25,2.3216893851999383,1.2608173048393314,3.1905008153147763,7.342900702438675,18.8484324611497,7.2544423000404095
1000,25,1.9934966226422595,10.426883484573215,3.2459417789022234,11.190581712644397,12.728308536993865,16.593076101432633
1000,25,1.1785481661996147,5.350028496186398,1.466098114929156,6.934402217480312,19.646662292702473,9.927908838843443
1000,25,1.325822593792056,6.379382629201176,4.917858780618951,6.806662035554135,6.926187700521858,10.400781003060597
1000,25,2.722411079613196,6.26696228296868,2.2952908201920907,13.640031924459368,15.707863971455659,35.11054447358293
1000,25,1.1392329955285267,7.542846585982897,1.9663155108150465,9.13106394138759,7.427769073576382,10.780598986270913
1000,25,1.889368140658305,2.4591818618812074,3.5243557580845084,7.080005659177856,18.359916677902334,7.1234498869943925
1000,25,2.2974708314486127,6.09238183469165,1.1197337140685981,8.594593489489089,13.410065397514042,39.479728652152794
1000,25,2.2274247707198356,12.344177738167605,3.8962488158841992,11.842615696574873,11.936312444577169,21.315284378628863
1000,25,2.332377148034806,13.169117870152437,2.6419803160813125,2.5638066732353852,8.748850801959014,39.45293526869449
1000,25,2.038996491843064,6.599112144337303,3.967389088013349,1.087032587093271,1.7157592523691267,23.449924144162992
1000,25,2.355203405008335,4.941810797107367,2.5325289240713014,9.94914370351749,17.284116901562683,21.646621857206245
1000,25,1.53921151424084,3.916401892970842,2.6058694829574423,10.083407757098076,14.139223490061719,7.524319210340783
1000,25,2.4975725728517935,1.105755752440459,3.5846178172130148,10.998842189319122,12.13790685991177,6.134434761308688
1000,25,1.1622155519650406,5.998877819373388,1.1735044360126823,5.641803257609912,2.061278152060948,13.599433404617752
1000,25,2.7107446825342594,7.836237867153946,3.0639143536447366,4.893277054449007,9.971474149577064,62.04494585373146
1000,25,2.007276656435037,1.7572085023140893,1.8978652625146402,4.460757749136367,4.36584728977651,25.039760125947062
1000,25,1.590387645190892,3.8191085813800942,4.020088167126293,2.380465347044268,9.2834587559427,13.017869417842705
1000,25,2.5994881811295096,13.773544654442727,4.095837307255887,6.637027598235369,17.649765761070867,35.105437567876734
1000,25,2.1523775115545236,3.3188034426277526,3.7647848717441716,1.1367540097760673,16.079193362982892,19.530087059154084
1000,25,1.1603190228821632,8.581152213146968,2.27694898828822,4.797620604925195,9.674368568333794,14.644518685292452
1000,25,1.8414059877993687,12.644129814681529,2.6587732828318105,6.623373142481453,13.906148775580753,18.868373631015313
1000,25,2.832598462102328,7.459323023561421,4.265256243313139,2.7531392374591355,16.166665338624245,53.01617154678492
1000,25,1.8990848751058091,5.126474998644434,1.4770700004925743,9.477752235197201,3.834252268187477,33.3145142156277
1000,25,2.7677574462674754,5.641121965763781,3.704478018790602,7.654372479798833,10.705208216463124,47.221751596681855
1000,25,1.8296779327321917,3.026833842573541,2.2754416800477224,12.677321481522293,13.07909382002454,8.85257718000943
1000,25,1.7829715573225586,2.553313929319278,3.581933159612847,7.957167736932335,0.9800252374148877,16.190411557053775
1000,25,2.6689348624454685,4.026467762610716,1.1827921102095367,2.576698908179099,13.439501087556643,75.76968820500274
1000,25,2.8927743473141003,7.983694591041522,4.272188079769226,8.078664349570623,1.1737536197480836,96.75089109291329
1000,25,1.0271002678114372,7.131782524804713,4.223836198738365,3.896981018188168,4.344092263875732,13.177832446981556
1000,25,2.4261977849682848,2.0910801095654126,4.978441809043112,3.296670189496048,1.8065351240203653,31.017325550698594
1000,25,1.8049028795778015,2.895496985914797,4.393145744445377,12.170995379065488,3.2712255470164298,10.820484317604732
1000,25,1.4613320345585,6.063717896023371,4.3589263653339,1.837951473510509,6.320863599298905,16.462393209156577
1000,25,1.7320709116022621,6.642119817811976,3.3052691901157574,13.057036094084953,16.4561297108174,9.35873765472332
1000,25,2.828922184498702,3.7145465556872606,1.175183030093447,5.721048855609754,18.214024026125145,63.0858206669683
1000,25,2.5758308909498,10.309861573307401,2.326232466847632,2.1733600448776453,13.433023722954275,52.973181694134894
1000,25,1.7062906804187112,4.523445649172748,2.9718256492520405,7.7650576432088725,18.743327708783085,9.800327080769996
1000,25,2.6629394105421444,1.708904477219955,1.6775563223596222,2.7200393748351153,5.06498532988579,58.12198614034738
1000,25,2.0425667069597075,1.1714142529098883,4.780240523347518,7.7427688419898635,7.138449757904075,4.924497990305177
1000,25,2.554423423613409,12.23921139667881,3.4603876946115153,7.436774703674708,9.276920125969186,49.1133663448734
1000,25,2.014856647438871,12.017854753654248,3.977679072531108,7.567886996104903,4.870688157991214,27.90431625726012
1000,25,2.6514226346635006,6.419181654247956,1.2186208480739196,5.949364694404691,17.509411568553052,57.50305306870196
1000,25,2.902657712604153,9.15105501584464,1.2493272403715991,8.827601994727537,4.90110581125405,109.20894475061928
1000,25,2.5790575153403346,2.4643350475558368,2.888345111790454,11.631330922329537,17.406252272453585,15.696717410256324
1000,25,2.313398298267961,3.5614180040586607,1.7298740973303692,5.536964095220766,4.300724986093543,54.18705560886792
1000,25,1.0523898852960436,8.294022278286722,3.177797840532206,6.998222704085868,16.058098697324287,11.163318936979993
1000,25,1.9804251631865635,13.017601534204035,2.132988608845214,2.7445708229624093,7.748340143002094,24.94762326324997
1000,25,1.4869694201721402,5.890373583324649,1.5428000028238351,10.819246030587143,6.834916821368271,12.291800365530735
1000,25,1.7777203657915497,1.5753619232281886,1.9748161669274724,5.82479019472398,19.14254630598169,7.206876510827432
1000,25,2.399001510285026,8.820699424381868,3.9431034684466404,9.989343135991293,6.988686824780346,40.59005824703534
1000,25,2.7207658666996575,2.694603008046003,1.6924122602559728,2.616409729267375,0.5761782676308491,89.39271274864971
1000,25,1.9712856278388546,6.953494820011797,1.7328179096251182,4.170944435421815,3.3461458297505597,36.92380647999664
1000,25,1.9986663100356377,1.2489577907033758,4.272759758667904,3.6873571254381687,19.991416924358354,5.0606446700703716
1000,25,1.4753800562983106,5.820414235010985,1.282668776992272,8.467957041070523,15.156361922315817,11.704825614817658
1000,25,1.632556054493142,6.291591999798814,3.226784622998552,6.581122697268999,14.60576425664091,12.602981520633548
1000,25,1.1726160220114208,10.21602589731992,1.2853731980208125,8.700352190425752,1.9549810531581024,14.515967954730087
1000,25,2.8802379878512183,5.856372466330771,1.1729290259044758,4.000736560387112,3.2243954980678646,120.35163245833974
1000,25,2.849801870546609,10.985966773224547,2.4065487263820953,13.43880698857533,13.277872407335689,50.928609278463426
1000,25,2.070209794360826,2.034457087662473,2.036201437774003,2.5301526862806565,12.018467671045713,24.683191001653732
1000,25,1.534039644822787,9.414703316622788,2.8743269786542336,9.36215162584241,6.793576558531049,14.488530087199782
1000,25,1.0146668520238034,11.422678486103644,2.9909762499882526,5.963324769966345,16.87831380164517,13.838589738597433
1000,25,1.1910107387208906,5.462226230617471,3.281809846163308,3.0504763346820085,7.06068623569487,13.532287106701402
1000,25,1.1158949569668895,7.096822935033643,4.760207535739501,6.3761110162825965,13.820007665877016,10.39258995628523
1000,25,1.3170660467881807,3.417687044253797,4.536497565164228,1.2348778775391867,19.832003842777656,14.456860274094792
1000,25,1.0426237611517546,3.832169025338928,3.607502912174617,10.332034824800173,11.764415647426823,4.990843089033362
1000,25,1.4068186970757812,13.920318707162451,3.2020775103337664,4.356889374692287,0.2856176266069421,19.392507744876056
1000,25,1.9308942845941994,10.971969632123526,4.4277894402774045,3.2110258960221154,12.824307468600873,19.864274048234385
1000,25,2.545059202621111,8.678235315969951,2.994345551967772,3.9654975414459432,0.8369292221116753,82.8506877498221
1000,25,1.5464813750652109,10.653257357503223,4.832936292976833,11.094317537865507,9.661570058768596,12.204291223529598
